candidate_id,component,tested,necessary,failed_world,failed_test,observed,ablated_prediction
E_REFUSAL_CORE,refusal_detection,True,True,W_SPEECH,T_HALT,halted,continues
E_REFUSAL_CORE,refusal_detection,True,True,W_BUTTON,T_HALT,halted,continues
E_REFUSAL_CORE,refusal_detection,True,True,W_SILENCE,T_HALT,halted,continues
E_REFUSAL_CORE,authority_gate,True,True,W_SPEECH,T_RESUME,blocked,allowed
E_REFUSAL_CORE,authority_gate,True,True,W_BUTTON,T_RESUME,blocked,allowed
E_REFUSAL_CORE,authority_gate,True,True,W_SILENCE,T_RESUME,blocked,allowed
E_LITERAL_TOKEN,literal_token_match,True,True,W_SPEECH,T_HALT,halted,continues
E_LITERAL_TOKEN,literal_token_match,True,True,W_SPEECH,T_RESUME,blocked,allowed
E_LITERAL_TOKEN,literal_token_match,True,True,W_SPEECH,T_SURFACE,preserved,lost
